count,confidence,boxes,scores,run_id,timestamp
48,0.8716840169160318,"[[409.78402868 643.46479879  16.92092844 777.04471997]
 [389.40780087 371.8895902  672.8223223  327.20936901]
 [400.18618834  91.19930916 491.32685713 501.22365183]
 [ 35.81417667 145.44762569 176.14482345 746.2966457 ]
 [770.58653586 400.40030261 368.66962948 645.95715931]
 [286.54172826 701.7014412  741.43229442 577.65554409]
 [358.271933   324.95163463 466.12460771 739.13023688]
 [387.51185859   3.42208972 361.0815313  500.30518197]
 [746.75728283 775.686042   760.39799084 293.41843985]
 [673.25657921 553.29347705 573.23970684  78.9082426 ]]","[0.77614857 0.40542608 0.46697352 0.21182551 0.75391591 0.75074629
 0.32635699 0.03420663 0.67272783 0.24405401]",1,2025-03-03T22:45:32.144598
17,0.8418367178641729,"[[405.59188112 186.99011552 218.6542851  613.33164973]
 [419.22300517   3.00094484 395.02512663 396.93039349]
 [178.79434569 332.5626381  198.3773968  429.40980175]
 [206.64005928 764.99044313 280.36548046 433.8228115 ]
 [ 78.20945097 502.07077548 107.37372739 405.30286145]
 [538.09461865 383.5198514  486.13961401 738.91711359]
 [333.44448853  85.61669906  43.64353241 781.00222206]
 [785.80703174 585.15715536  29.57584664  11.99821473]
 [564.15679985  47.02502346  18.21102626 553.00596865]
 [290.74969028 342.95219996 488.60736457 751.55924461]]","[0.83746663 0.90619494 0.63796685 0.14043241 0.86143808 0.3479138
 0.57727072 0.39283054 0.51963787 0.25274757]",2,2025-03-03T22:45:32.153610
20,0.8471403788045728,"[[472.69130648 343.25282711 247.39740179 189.18190151]
 [672.533925     3.66824064 741.91119471 382.55632644]
 [447.18907679  63.07262389  40.51039558 560.58019598]
 [786.29575574 661.30375242  97.62548906 539.29253965]
 [ 65.01222336 403.9723016  357.84577612 794.22871881]
 [635.77417781 257.60127248 637.72167574 320.30606482]
 [522.78268975 336.61078192 722.03800318  63.80682615]
 [651.76396319 151.0653666  190.6560453  234.33098702]
 [242.67224649 244.68796859 645.90708463 328.54968715]
 [253.93463311 256.74625175 318.01312141 575.39814699]]","[0.31931915 0.91127291 0.28355902 0.96077132 0.78636955 0.92771919
 0.1488346  0.02139368 0.51543342 0.77558502]",3,2025-03-03T22:45:32.161800
17,0.8761114173439,"[[362.09634266 358.15381255 713.17029618 354.76839957]
 [501.90106881 393.84007779 786.97227985  26.86960786]
 [565.62925953 260.97460293 785.20189516 329.34538989]
 [297.23886047 369.19298644  33.55749491 418.27244443]
 [406.06469091  55.87627449 386.26285791  22.34309863]
 [286.27637536 660.67157745 233.20944422 647.99710134]
 [595.19288743 694.1742237  661.83673935 428.3746465 ]
 [362.08767212 582.58101147 432.65469203 569.35500452]
 [729.38250078 495.70396448 405.0086466  250.21978559]
 [393.13624774 366.39905484  31.66184485 370.25846409]]","[0.08292126 0.83210623 0.61635216 0.14422377 0.8848879  0.33855569
 0.0265659  0.05594485 0.64773057 0.3731584 ]",4,2025-03-03T22:45:32.170917
43,0.867244045575995,"[[ 73.3096906  700.12347563 797.22978153 756.48518559]
 [337.56150981 696.84537119 712.18447847 736.18937451]
 [411.20062868  18.31314786 437.8819274  221.29892688]
 [378.85276211 335.60195984 317.78839459 585.33752446]
 [636.68006144 720.32724539 738.73183507 657.07487977]
 [460.84544677 478.163745   745.73990394  31.17425471]
 [118.68372532  90.51431376 209.32128166 666.37976247]
 [756.84989136 468.70534986 693.50834951 353.17403578]
 [524.36802808 634.01811317 302.88791257 369.96757402]
 [417.35045121 672.56233121 777.07988432 527.0121636 ]]","[0.003788   0.05894575 0.87941895 0.34143064 0.59482661 0.27248684
 0.35028472 0.37890353 0.41377155 0.83201704]",5,2025-03-03T22:45:32.177916
31,0.9387757223686654,"[[450.74202851 209.00688741 251.29200227 492.00291159]
 [536.53942867  29.65738427  96.39437465 147.53714309]
 [583.97871154 712.56596314 598.25108443 186.12283546]
 [534.25270889 423.51659968 479.75956482 699.82622846]
 [222.61023429 147.66588157 504.75335151 614.6989429 ]
 [545.99105613 583.19329903  38.89877025 776.93233631]
 [185.72835756 264.26176459  30.26729687 215.84500901]
 [343.20811873  61.32176632 496.51107491 189.35088438]
 [181.87517104 328.41341326 639.60270563 439.16406608]
 [308.20362583 513.77592999 693.44637844 785.96010481]]","[0.09541239 0.14484057 0.20797685 0.88683275 0.28330133 0.65846445
 0.25922243 0.50229694 0.99252917 0.69496658]",6,2025-03-03T22:45:32.186407
35,0.8622341511354487,"[[660.66328281 679.22810993  99.63532002 241.19252973]
 [768.00999718 183.59796558 662.64304632 527.91897128]
 [159.0582739   25.69706479 593.05419942 523.04647097]
 [578.96687776 281.50842897 467.0420733   16.32145557]
 [251.67942212 107.13828062 199.56241367  26.12985426]
 [561.95018165 561.52785772 324.05250984 471.93496173]
 [230.27302246  54.31969945 164.37121828 339.14557335]
 [681.57127208 334.29833648 522.88013714 192.54672999]
 [138.39606519 439.47823722 519.08989681 454.76209124]
 [698.755867   467.13817211  25.74613732 702.58997277]]","[0.75587642 0.51690785 0.84531107 0.15625368 0.95198921 0.15305091
 0.75032457 0.3427855  0.62701567 0.55153835]",7,2025-03-03T22:45:32.195138
10,0.8281431086436694,"[[ 16.44571445 529.18198596 388.58385582  49.06467173]
 [164.54134821 712.16121043 509.35634851 534.445562  ]
 [585.53161308 298.83399899 225.59314408 354.29654715]
 [534.68480896 772.989149   648.64425983 711.91240895]
 [728.94468998 174.77919739 576.74650682  36.14950917]
 [335.42770832 165.92513008 710.09515879 487.67360399]
 [131.67806292 594.70897775 163.470728   375.2453856 ]
 [137.53469227 740.04874894 433.6701084  319.80570951]
 [671.92065233 743.85400933 109.65894507 496.83240797]
 [441.45326605  18.38753844  74.30301473 516.53663907]]","[0.82880168 0.41683842 0.63199378 0.28258923 0.64111468 0.73819348
 0.31228359 0.33240752 0.5687844  0.26738176]",8,2025-03-03T22:45:32.204356
39,0.9252811152636998,"[[384.4066261  388.32068876 226.54504035 293.87062897]
 [630.39589976 553.38102075 358.98796906 662.11625808]
 [ 91.3162881  705.77200413   5.41570814 605.25431244]
 [787.38937155 566.65484353 303.59167422 594.824988  ]
 [767.69350073 444.70838425 708.66524611 309.5113546 ]
 [474.49854618 400.82227339 327.9270469  108.27488517]
 [578.05009038 674.45683144 798.4152214  705.37304661]
 [622.29072709 258.37000483 195.75954672 164.23510602]
 [336.47799397 661.88965197 525.94512614 520.94954829]
 [738.72909402 110.21884926 340.27543614 487.51016892]]","[0.85569226 0.54360705 0.71186541 0.11757289 0.79871117 0.28036512
 0.20163331 0.1953122  0.42835096 0.65754998]",9,2025-03-03T22:45:32.216603
24,0.8605840791498793,"[[556.85350927 256.86398594 140.3563692  629.160426  ]
 [486.63034609 123.76362313 380.15314906 625.95922389]
 [660.50434654 164.88903406 124.25803596 578.97216459]
 [615.70755833 114.33335325 688.78508806 697.97360985]
 [764.17027708 433.93266204 325.44060949 278.40892317]
 [380.91025727 290.45238449 561.79466239 736.67430491]
 [162.40513231 308.63637591 457.86240401 263.87685863]
 [497.51264984 718.31357138 629.70972632 253.92715305]
 [223.00466471 256.34060235 540.7644834   81.54017137]
 [136.86336839 449.93877563 753.40766496 218.91731812]]","[0.17263765 0.222785   0.42746644 0.74658748 0.17835973 0.22144779
 0.82754791 0.38858639 0.09774421 0.4064118 ]",10,2025-03-03T22:45:32.226622
37,0.8253300186118426,"[[404.80700873 235.27724961 641.17462456 176.85989093]
 [325.07463868 194.59865762 314.32291529 460.89012018]
 [678.65899134 253.99157959 460.66967524 319.16036313]
 [145.51041532 692.43325735   3.42880164 126.05699825]
 [  6.18236789 786.67293587 218.04744983 773.16707139]
 [483.34407839 216.87113682 327.91520014 318.27932303]
 [166.57960955 433.30961824 261.29944348 239.91683668]
 [690.09150027 212.14783078 320.00020272 529.35924071]
 [421.93089155 335.4958307  135.16939585 331.5955267 ]
 [229.74163388 543.2887835  553.31149022 441.22223713]]","[0.75314596 0.89224295 0.87586367 0.6550904  0.68670403 0.23630113
 0.32296238 0.12418823 0.54695166 0.10603602]",11,2025-03-03T22:45:32.237651
43,0.8406540529109163,"[[374.21539226 720.28876198 477.07245     58.49850697]
 [529.67632051 327.78221544 778.90801651 595.7142454 ]
 [791.14957169 621.26683545 360.69440146 268.67907453]
 [236.6799541  615.63406311 538.77998935 211.65269667]
 [609.93905432  85.63821214 186.50877484 298.66486014]
 [660.20252324 399.20960542 539.95212697 448.76884782]
 [ 37.31664686  66.30801398  87.7044248  562.4420216 ]
 [766.31897502 610.13115879 799.99415082 325.3362801 ]
 [560.92188456 630.59969843 252.21293411 187.32285027]
 [257.73464034 709.48725356 356.21091474 462.8351098 ]]","[0.74124369 0.00849015 0.13918038 0.59184512 0.81723146 0.73774485
 0.6685902  0.48888666 0.49371338 0.19435238]",12,2025-03-03T22:45:32.246412
40,0.8014255191860373,"[[472.08950692 657.61954175 666.59473029 480.78790924]
 [ 28.45370069 543.32301998 621.45304919 475.8088602 ]
 [337.49925627 360.3221031  322.51952756 110.24841019]
 [793.02919066 104.83447869 661.03018908 519.02182264]
 [ 78.54076487 156.18070897 387.78216768 615.75906714]
 [  4.72680616 760.79239075 365.63055934 565.78417974]
 [142.74731201 565.4388528   57.09240278 229.53912965]
 [205.96615212 664.86849546 285.01904571 704.37635287]
 [277.53090842 426.87939242 167.09137445 745.19591952]
 [314.16802879  76.37990159 509.67451163 485.62252066]]","[0.19707546 0.50273632 0.61403194 0.48120545 0.74997877 0.3978904
 0.58491442 0.15665652 0.11439822 0.04150703]",13,2025-03-03T22:45:32.259413
16,0.8579480797389771,"[[315.06493702 654.95199019 747.39188033  12.06961832]
 [153.25334945 156.06863276 385.65943156  25.68888503]
 [568.85910409  47.05884671  17.54882345 692.53319225]
 [568.64295032 724.99483564  71.86213685  34.31627711]
 [653.68789168 499.28976328 302.57887532 324.20905183]
 [ 38.19833883 514.72163214 660.90632746 253.06390203]
 [702.52993585 714.34369671 469.14290163 490.34780554]
 [376.73549491 440.17345339 479.75414349  71.32366852]
 [643.20610211 487.88886852 787.59824328  80.54000858]
 [115.45277619 138.59889169  15.10254345 520.37630116]]","[0.72444098 0.15811061 0.53048221 0.6517892  0.35550397 0.65680854
 0.46520356 0.94107273 0.06657704 0.18531198]",14,2025-03-03T22:45:32.268980
11,0.8985872110978947,"[[ 98.60009993 637.71774768 194.15170492 137.42776253]
 [582.44708594 516.66681284 214.69498106 603.07856883]
 [217.04378979 438.8206624   29.46589697 262.73457258]
 [218.32810988 576.63499773 253.44883102 759.48327062]
 [651.43831381 157.88265932 725.54910949 516.79170423]
 [780.40987016 706.11440758 143.69543389 420.97620658]
 [247.90814987 699.69329641 228.07255733 225.99027377]
 [558.80379136 499.97947877 703.75833882 672.48651711]
 [470.23729531  36.12961859 791.76544676 461.36438561]
 [773.14877274 377.71183778 205.00661487  75.77856209]]","[0.60865345 0.05211308 0.98341333 0.45151607 0.50311702 0.53853013
 0.19770656 0.64604634 0.88308552 0.32146512]",15,2025-03-03T22:45:32.278990
18,0.8498088281699797,"[[  6.6314355   36.59439926 759.53535577 740.16000069]
 [217.86348031 723.07987406 590.56930964 318.39019357]
 [210.68827873 331.89070672 739.28008933 609.54726896]
 [527.36256191 795.74871553 305.06344902 390.89841612]
 [211.94516099 543.61976598 244.97238844 243.30629504]
 [309.37186417 413.10774238 202.73879964 105.40862096]
 [247.09086475 393.2050246  462.95386848  88.99256786]
 [354.74493421 440.83860416 349.36202261 581.68754617]
 [698.57252343 679.16682874 756.27205184 239.45784576]
 [620.68952784 641.26241591 510.00052958  11.74857869]]","[0.64850862 0.71542958 0.67531537 0.33705899 0.39385141 0.55000734
 0.93681292 0.42873315 0.03218423 0.51204079]",16,2025-03-03T22:45:32.290529
30,0.9279702650395711,"[[ 86.55803302 370.51372101 333.43390334 144.89684846]
 [542.53750299 599.972742   734.52611114 500.91906041]
 [250.89771767 207.4692075  160.60002193 317.47916808]
 [658.95585525 491.86370177  46.00404404 746.14772409]
 [355.22643535 240.57679673 739.0551546   84.98679667]
 [365.67111896 298.82266166 572.65684424 553.4713316 ]
 [231.97508344 614.61243157 122.22373863 404.47166502]
 [206.12722907 525.49070944 139.88899831 322.45205355]
 [136.67231751 168.67509749 326.74706919 712.41968303]
 [369.78757979 785.74781345 784.16221137 669.87073131]]","[0.86742609 0.28913977 0.95506555 0.15616304 0.64533578 0.88117793
 0.56368681 0.71520902 0.02668781 0.95269343]",17,2025-03-03T22:45:32.299541
34,0.8025863937819507,"[[332.40078609 260.20839361 720.26457611 127.55809657]
 [455.0377247  404.26408274  96.71710911 238.46331081]
 [421.46598631 627.44048893 211.02301271 400.92221284]
 [305.85236288   5.13278014 222.33683937  38.64883918]
 [ 25.02104785 412.83377997 197.78449981 114.24706963]
 [125.88779271 217.91695081 722.87672401 358.52865903]
 [178.79070064 504.58324548 353.11072097 512.94516484]
 [174.99263457  26.66675306 630.27451956 262.00863853]
 [559.15062788 400.39898636 160.91819497  48.48565039]
 [545.04899749 429.31059173  17.25890821 625.79931423]]","[0.68490211 0.85625893 0.92914279 0.10601138 0.03703924 0.6772474
 0.31561587 0.45679584 0.87129074 0.07940095]",18,2025-03-03T22:45:32.309555
43,0.8731767020263498,"[[166.37533043 791.83345237 256.58851212 339.34712658]
 [ 76.55396205 645.2039828  612.7703774  223.43159809]
 [341.9871729  603.41414698 387.65655558 355.79711578]
 [635.82773212 486.35505564 422.56342651 347.99298699]
 [ 15.54984143 490.59409737 466.21094872 620.04913404]
 [587.1713374   96.71065134 709.39454468 524.17403404]
 [ 47.63869231 429.20884681 533.44062382   4.36781981]
 [ 30.61510092 657.64351206 541.80150543 783.80247124]
 [129.70761058 190.94929296 673.10609595 706.32513248]
 [126.62123741 260.76779788 684.45808524  36.36848018]]","[0.42234745 0.71451381 0.28032026 0.08567064 0.21381707 0.1485036
 0.65369746 0.64128575 0.55812876 0.84579083]",19,2025-03-03T22:45:32.319079
20,0.9079213092078965,"[[560.23455895 135.49779301 123.05647851 580.2155832 ]
 [188.06466293 178.51361364 152.82216513 189.05011648]
 [378.13003242 187.53023503 592.99313955  99.12565686]
 [762.10828107 544.4258704  334.96924893 381.31674389]
 [548.93785958 316.26868902 180.86943768 279.8498175 ]
 [356.5578997   43.49604186 532.70484301 226.27424167]
 [588.86567574 529.95984751 169.58402534 445.29512362]
 [141.16879613 200.20755754 711.7039765  586.71222659]
 [556.35295569 442.0658092  641.18958836 741.57564966]
 [149.68254453 218.44260417 454.20827186 583.01776651]]","[0.44922635 0.21096551 0.12198489 0.1776707  0.63553478 0.12242556
 0.30122277 0.70629248 0.36845476 0.63460975]",20,2025-03-03T22:45:32.328774
40,0.8388104363685507,"[[580.74559171 493.03205025 174.48702794 673.58997068]
 [365.57090971 388.57178136 335.5676387  399.07528376]
 [ 19.79087313 130.18258235 589.27397987 426.86347955]
 [ 41.23279313 763.19743566 487.9164382  660.73187489]
 [ 12.12178126 655.74866364 644.14553814  24.03224907]
 [738.21394303 762.86606223 101.15882551 589.63076591]
 [487.49094783 777.58656115 481.3803551   96.84456186]
 [593.30023085 727.89954651 398.29164773 712.1380613 ]
 [445.06400403 548.987422   759.13526308 333.65345319]
 [216.77725462 609.63400875 207.45500598 556.83559072]]","[0.69664167 0.96984433 0.88724515 0.75461521 0.89318286 0.03472884
 0.2157506  0.75181702 0.30983231 0.16065934]",21,2025-03-03T22:45:32.339783
43,0.9486169412116519,"[[638.92298193 219.59733477 113.35273927 113.84831789]
 [547.0493315  152.79181993 160.43159245 720.33758273]
 [122.96158787  83.34727422 535.00046844 236.5370782 ]
 [756.16539468 600.62217437 542.13586562 712.66429736]
 [443.15517488 631.68514653 596.19348488 397.20576968]
 [760.95619607 639.01572632 417.70932135 314.36618626]
 [257.71264327 135.82307927 798.69182169  23.58684703]
 [364.34603282 480.02134541 279.55572057 238.83230247]
 [656.69131855 633.69067035 466.19072528 578.54927696]
 [491.34499268 159.07044036 629.94029926  43.19227173]]","[0.34463596 0.51217898 0.27798161 0.14324878 0.82018527 0.39718797
 0.6114794  0.90820042 0.43114879 0.09258646]",22,2025-03-03T22:45:32.349186
17,0.8362888871591541,"[[400.32818696 283.8868428  689.7418864  219.45344078]
 [ 57.85405825 658.11688164 549.41344859 475.52641758]
 [485.33923991 546.59387603 231.52945355 435.50178159]
 [293.87879107 740.13452537 720.8172281  252.24315489]
 [151.19739956 556.85203871 591.42971703  70.33952015]
 [288.27341092 409.0328167  737.49262249 444.80189333]
 [348.1861247  709.27917291 316.91685501 401.31934082]
 [766.08357788 290.06541172 333.09168928 170.37832193]
 [ 71.54276826 164.76825716 155.53201528 504.7875079 ]
 [458.83112954 602.97019783 672.06715325 339.75170201]]","[0.94305387 0.24808939 0.10179047 0.68981725 0.39362449 0.59568014
 0.64140584 0.82726462 0.61845792 0.92127055]",23,2025-03-03T22:45:32.358946
35,0.8192538153691792,"[[ 98.20620263 547.64266027 170.44057719 246.60394573]
 [684.82309009 584.15422083  11.81590166 405.55886743]
 [751.08465105 204.13158719  84.8850316  530.16436022]
 [751.23932705 198.11527306  99.19264833 565.03286925]
 [210.69154039 434.91405329  28.12875826 622.83969797]
 [445.15795342 415.49152409 389.78044999  22.36599336]
 [255.79115361 456.94488683  51.3895278  234.84202654]
 [558.4835017  682.61715944 598.68401102 259.43538386]
 [354.02956505 143.79733758 265.42627043 102.26506613]
 [262.36378273 246.36228378 458.216281   681.33515955]]","[0.61124115 0.39594438 0.55431998 0.05777988 0.18957864 0.1102103
 0.01052942 0.85620012 0.40685811 0.7671021 ]",24,2025-03-03T22:45:32.367810
31,0.9315149974749063,"[[572.04726957 502.76838458 681.63915718 151.55579109]
 [509.57332943 786.19715618 503.83667202 725.94018982]
 [334.78544594  82.30527178 388.34200375 383.86662038]
 [ 75.48351803 579.9176892  776.08520971 748.72098388]
 [612.21415584 658.6765598  755.35990827 360.39835811]
 [308.17479371 283.80705683 458.07144572 167.22155411]
 [ 73.93184314 101.34641152 249.68492873 407.42872203]
 [687.02563181 747.40696174 326.06896297 342.12872063]
 [151.44330902 744.91816477  54.17258773 220.34802694]
 [534.19654348 378.11335678 756.91987083 117.69783781]]","[0.56514552 0.47792733 0.49938422 0.91051842 0.11372384 0.45480135
 0.64230804 0.34163276 0.02450902 0.00228107]",25,2025-03-03T22:45:32.375321
35,0.9408225496980189,"[[ 51.86867275 640.55377935 574.30646171  13.60370697]
 [359.22184687 686.63288745 736.78458871 325.82720942]
 [683.75687888 638.96582356 447.79694633 463.63133097]
 [ 40.33357653 788.12433111 230.86589013  95.28992693]
 [494.94309607 771.93905728 403.1881065  272.72879107]
 [106.61518639 378.35535364 729.02062492  70.76047273]
 [212.86162084 336.41310707 351.4289425  672.87146476]
 [551.82033792   2.72932778 740.16139515 553.16131384]
 [171.64520351 510.06183228 134.3188537  737.07746086]
 [726.12013699 178.87150711 194.87095063 429.3032025 ]]","[0.59637131 0.23584567 0.607513   0.8430453  0.26863344 0.17890192
 0.69587369 0.72866096 0.7742295  0.12702252]",26,2025-03-03T22:45:32.384314
25,0.9350307735457108,"[[ 88.77806072 101.60030811 191.75394866 337.44125566]
 [662.19989767 545.49915257 737.6970126  729.0223549 ]
 [721.77409956 515.56221196 136.20659392 445.16078934]
 [792.89014778   4.52777376   3.42063497 152.01917074]
 [541.9747156  765.3277754  366.50357024 180.21481792]
 [  1.84005269 718.34950243 308.41277922 349.62885116]
 [112.28391427 126.27788239 202.45531102 711.78245218]
 [239.63626148 301.33009795 231.04828595 723.91378275]
 [640.02952349 187.58218313  50.28853726 681.80398677]
 [517.24046949 510.16185748 522.94906823  25.11751723]]","[0.73692583 0.80929448 0.18196782 0.9515946  0.6305729  0.19103173
 0.91583788 0.73121659 0.2760345  0.05369766]",27,2025-03-03T22:45:32.391503
11,0.9446155528950322,"[[146.75409376 175.33728108 386.38026418 149.64794748]
 [645.67023785  83.07875747 319.68765839 320.19739257]
 [512.60349535 158.82701768 795.12603213 225.2801486 ]
 [271.59973461 359.70714998 476.20651264 651.1084796 ]
 [426.95486735 696.71815227  77.44261521 516.83958758]
 [ 49.822992   232.9402658  181.9872376  793.92308849]
 [613.43660859 106.84107475  48.06432014  38.77621221]
 [358.93207272 760.35783391 433.57998224  53.75612122]
 [476.80609159 486.42819446  47.1907248  686.53730655]
 [108.98502444  87.39250043 708.31338404 380.00591925]]","[0.84239038 0.71198603 0.58504885 0.49171065 0.5115068  0.92632132
 0.55428424 0.63479906 0.76826596 0.80266184]",28,2025-03-03T22:45:32.399715
49,0.8964581530380626,"[[647.63299582 527.69655935  95.75204992 656.7973702 ]
 [  7.04626079 331.43923116 346.53706686 195.74196198]
 [651.22139762 543.67172136 543.03073939 626.26454812]
 [662.45393977   8.27798939 230.13274366 642.26126547]
 [320.28882253 445.37132921 674.10216374 227.25728424]
 [364.49808476 726.85553072 499.12149316 630.6094561 ]
 [753.23173351 305.52047184 607.4145021  334.05850617]
 [321.08521215 687.57546181 149.81244104 578.94686526]
 [672.42977371 382.28307382 752.52012628 113.50289474]
 [564.22216244 669.09096401 776.21364808 436.91564045]]","[0.18690436 0.88262502 0.14993421 0.70875078 0.33073431 0.41391574
 0.03450094 0.98404441 0.88340539 0.82444885]",29,2025-03-03T22:45:32.408753
31,0.8049960130880479,"[[  0.93698111  12.22609492 276.68575605 750.78665545]
 [286.89493047 347.27786955 773.46995143 251.53900452]
 [685.67576247 573.55942357 133.64601253 485.87036706]
 [ 13.76062531 610.62669828 790.99409225  78.73375618]
 [717.95507439 491.03175719   4.2206352   73.82964017]
 [150.98153381 454.41190216 522.08696195 404.96292282]
 [497.40295446 504.63081091 267.32568617  13.96339006]
 [181.14035185 115.75935668 517.54688616  68.31221132]
 [628.48952723 270.29483365 636.42384476 434.73525359]
 [587.87032121 519.01421758  97.65649731 631.75040432]]","[0.28560648 0.62476144 0.62741635 0.19888969 0.82248064 0.3241775
 0.57608369 0.44839276 0.14970185 0.42379543]",30,2025-03-03T22:45:32.419272
10,0.8601544652420704,"[[ 60.78059207 158.78420084 371.72378464  88.78806833]
 [665.82736626 632.67063084  84.08389176 141.98276333]
 [373.44315939  32.86733394 544.6472398  679.54373788]
 [ 20.09108627 539.46444697 521.96550465  17.14568868]
 [464.66636366 298.55561786  26.81491902 654.68669353]
 [264.11524275 274.35010531 536.86225214 766.99913062]
 [478.81347443 277.88600236 630.54374049  12.46839156]
 [684.71343859 100.18562397   8.78008462 457.69405525]
 [246.87512911 475.88023167 281.55267202 426.25589317]
 [772.17757009 502.45636092 354.9328959   98.29414122]]","[0.05961909 0.6782686  0.7627272  0.36129261 0.70801671 0.28516571
 0.2308649  0.18578726 0.62372595 0.23385572]",31,2025-03-03T22:45:32.433129
20,0.8789302873615066,"[[232.05833993 723.0506057   84.47867087 520.68226827]
 [604.68611499 793.99141771 714.41592948   2.59743925]
 [150.63141609 285.00640707 296.18805273 483.64255605]
 [400.63044017 409.76154867 179.84724715 446.88672868]
 [621.06915874 499.17094616 534.97168509 532.89950129]
 [156.40590261 395.97162852 360.64895541 406.9863969 ]
 [237.2480103  701.82367618 194.57302862 427.52044536]
 [190.41205971 385.07170071 149.56160145 472.53507111]
 [295.39852182 705.07225284 169.39444118 135.69869351]
 [710.55198189 700.65034223  89.52874669 247.04384605]]","[0.52753391 0.0427554  0.67731529 0.1643999  0.08252341 0.44388969
 0.58645137 0.07154131 0.68918777 0.18431751]",32,2025-03-03T22:45:32.444455
11,0.9007049674167833,"[[708.07213718 264.40970634  24.45304725 210.63303241]
 [627.93210059 107.07598288 574.51288764 141.63720542]
 [348.40816337  88.6779033   90.63054527  26.15516002]
 [725.15296267 436.41537479 710.89030969 174.73438064]
 [ 99.68168235 481.37742996 476.90703597 777.99679063]
 [234.66582169 169.74438035 414.60614705  31.58102032]
 [149.98608269 197.4430635  542.39764234 432.60794915]
 [454.94824717  14.48592495  58.46504029  90.96285798]
 [740.955898   462.22159637 409.34906883 668.41719394]
 [575.91669342 468.2465976   16.79049046 507.69831003]]","[0.36213081 0.29846914 0.27000528 0.05691192 0.88644346 0.493472
 0.21989115 0.00541166 0.9756423  0.77807147]",33,2025-03-03T22:45:32.455929
32,0.8167620383551393,"[[417.47395555  58.93945426 154.29436489 114.94208218]
 [516.80219062  29.86364955  43.69847537 687.91245446]
 [190.57442601 766.04901604 721.13740544 177.72714272]
 [479.22862471 788.72099263 162.118299   437.34353705]
 [598.2989054  503.39222687  95.87923393 534.16114571]
 [ 76.23429834 640.85280749 225.89548676  64.97159364]
 [422.22703103 638.37826071 575.40920562 435.56064568]
 [744.63623664  92.85162422 318.16835152 137.38284348]
 [336.36160397 176.27340405 278.54391065 281.9508782 ]
 [457.50517894 704.87731983 548.4755049  526.94975097]]","[0.58500121 0.31153167 0.93624429 0.54043724 0.63073119 0.62918981
 0.05769983 0.94521945 0.59225147 0.51673339]",34,2025-03-03T22:45:32.463927
32,0.8766761895951274,"[[762.36636551 197.13094566 115.49985201 371.63733518]
 [333.3399193  263.07072398 399.56854131 351.12619591]
 [140.9742201  409.072394   207.0656036  524.91062779]
 [396.33434497 637.063753   488.7318085  460.74915028]
 [533.57676156  21.96257763 189.1323867  632.90331717]
 [401.76303683 348.10591608 709.74754059 160.38424974]
 [317.99699256 696.15199384 428.86485418 774.52719297]
 [ 21.57504455 376.13767239 175.42228378 682.12872696]
 [348.61377976 614.31129262  42.98938285 686.3154323 ]
 [162.69257207 370.03084401 253.26095154 274.53371204]]","[0.07379702 0.75082177 0.36969932 0.17488914 0.61102285 0.16559069
 0.84686224 0.64646525 0.88702235 0.74406717]",35,2025-03-03T22:45:32.472941
31,0.8263228402055031,"[[764.2825128  766.72460718 326.29905883 469.94388693]
 [677.1763412  208.75762511 661.24456236 481.36502367]
 [301.3596841  388.39840078 251.42698173 485.36995938]
 [ 41.74323255 542.02242918 289.87395908 606.48237358]
 [623.77963682 701.21762624 684.04995569 780.57985321]
 [390.94911104 500.50133323 546.37943653 279.20793982]
 [594.79481073 392.00038165 499.11987191 547.65849621]
 [648.5520243  355.78405653 193.01698915 664.17010432]
 [723.49659858 697.01335153 594.48175012 421.27302349]
 [152.61992304 349.66135568 403.60988922 410.75747566]]","[0.23159906 0.92300267 0.87275215 0.2467937  0.09799931 0.69138724
 0.49431617 0.96254196 0.16353248 0.24849216]",36,2025-03-03T22:45:32.481444
18,0.8733803627085783,"[[206.59770068 555.96094698 659.23782821 379.66533113]
 [496.6343454  630.78810841 643.77183343 688.27004098]
 [505.93140548 210.35985127 521.71185209 225.110529  ]
 [377.73528466 129.91124279 742.83638676 319.47669143]
 [281.67945804 706.91193317 769.98396072 470.27432196]
 [783.89373866 197.45042981 235.87531403 454.91889335]
 [276.15019183  42.12367679 609.44251465 546.68919669]
 [705.0965224  614.53874519 696.59352906 462.42094121]
 [446.0726652  182.00797384 425.81528613 709.11043125]
 [400.96120436 111.43500771 440.27533875 569.4575134 ]]","[0.66088676 0.13440466 0.28680136 0.94347356 0.18658239 0.72060348
 0.75138631 0.29732901 0.19541773 0.21747471]",37,2025-03-03T22:45:32.488248
43,0.8596831295483794,"[[321.56586912 259.12002757 274.62380546 554.59948726]
 [ 15.79308021 757.17523601 489.47337215 567.00645996]
 [294.10777504 393.89209612 346.92126253 100.50657563]
 [199.22645534 242.23284884 125.33175111 112.60091596]
 [146.78340778 506.40505195  89.05178295  19.19618247]
 [314.60328587 623.21405507 569.95307908 577.1225898 ]
 [123.96164633 782.28633917 711.36685753  45.62133308]
 [300.62182145  43.69651941 382.1067241  538.64291784]
 [343.44467798 590.6108423  435.22223547 330.07561405]
 [ 25.96462721 662.61756331 403.95925455 667.34707794]]","[0.05370159 0.22503989 0.66827951 0.00516817 0.97828754 0.1067182
 0.37932453 0.71378421 0.12018951 0.41834388]",38,2025-03-03T22:45:32.495708
14,0.9464733518540416,"[[760.33611587 671.54356773 306.95979799 562.55546653]
 [235.14692051 746.33227269 408.88794063 148.38704285]
 [434.84006833 411.05623832  96.76550073 746.06772698]
 [330.42966123 437.30740587 765.12176094 140.81773888]
 [102.73955249 176.46017098 521.20094201 732.33705483]
 [442.6502349  122.09541096 227.56447676 438.43066321]
 [694.47013929 401.6940239  458.19361897 425.19281272]
 [ 20.17769134 366.03298946  91.02372705 291.73280291]
 [670.26705883  13.52459671  32.49504458 307.62223815]
 [319.93575594  90.44547087 652.43222556 613.9182706 ]]","[0.98599227 0.10290143 0.38245205 0.3728871  0.85945904 0.95279489
 0.77152702 0.97550785 0.15720304 0.21674331]",39,2025-03-03T22:45:32.501981
36,0.9036823722834301,"[[120.03670093 412.89337344 295.94760644 295.52268814]
 [709.85473878 194.84772516 743.80761046   5.39736811]
 [107.36097079 355.94058744 345.23354285 246.32969265]
 [513.46857447 478.69116143 171.5925548  287.2978507 ]
 [ 86.93739551 152.21882606 790.47903355 300.40624327]
 [600.47572952 303.37300723 205.37879991 764.24838887]
 [662.28161221 555.53778549 687.99005488 743.4767831 ]
 [582.81528604 546.78837432 328.96507217 317.15899934]
 [594.15293414 594.77068362 747.8097425  401.58505435]
 [342.43471898 736.86437166 311.52105225 771.94203623]]","[0.08208581 0.96770568 0.56497761 0.10164924 0.23381871 0.21248238
 0.22016875 0.62232357 0.11967844 0.49265715]",40,2025-03-03T22:45:32.511382
10,0.8209191247493814,"[[260.17515305  68.61369163 335.2783479   80.30308587]
 [618.35448591 336.07464587 223.66352989 615.05597052]
 [355.95580063 408.4666069  672.94017377 616.21648693]
 [ 58.51829569 629.71865418 171.23308745 264.986674  ]
 [406.71260326  43.00575496 566.56126189 284.90513544]
 [288.52037828 133.91621446  28.52423309 559.63294065]
 [497.04346798 489.02446995 579.1287601  752.69872726]
 [162.44263168 276.47593991 184.44770994  67.18683854]
 [519.8738731  768.81750817 192.40166717 608.23855927]
 [700.7153896  763.13389616 741.86894093 289.3837541 ]]","[0.4163876  0.90481007 0.00141455 0.98137207 0.62705871 0.12572856
 0.60795822 0.42825854 0.82438383 0.42467078]",41,2025-03-03T22:45:32.519455
16,0.8414720067709778,"[[128.32131585 208.85550913 609.88977788 359.58570126]
 [355.00127015 173.89768376 577.12610326 341.40018599]
 [795.57807145 675.11946233 342.12293442 100.18286704]
 [779.90241761 232.95165586 375.05106049 179.90343749]
 [679.94423185 142.66323066 296.50378709 158.04262175]
 [323.6758222  184.3492284  484.98488052 714.28813451]
 [ 64.11653582 724.78962146 541.91996024 530.07525369]
 [693.13512944 285.96278427 413.66047051 153.58788701]
 [355.78397192 208.39345419 504.57491866 459.94174105]
 [314.69451782 781.24046908 575.71670223 795.16537425]]","[0.87928522 0.60136412 0.56990335 0.29951087 0.0394794  0.2432333
 0.75007728 0.39570005 0.5810085  0.37856659]",42,2025-03-03T22:45:32.527424
19,0.8665963153633377,"[[564.75016076 482.51489773  13.14765825 403.79602152]
 [138.98120928 326.74599006 206.29207234 246.90648566]
 [686.94779203 549.13165647 149.40881524 743.37945158]
 [790.52218135 667.42043677 431.18784668 589.94843793]
 [324.20246337 336.64127269 112.2302341  798.71958773]
 [319.3094543  648.89187319 760.06367    561.20096664]
 [403.57903807  90.8449266  159.79218222  92.47957057]
 [547.57469164 703.33671225 576.1846427  169.76476385]
 [158.38233547 429.94311345  21.58273205 175.02203684]
 [528.54929672 363.64757066 252.10377799 327.59501764]]","[0.57933865 0.07516258 0.70055552 0.80754188 0.91685922 0.76548309
 0.73356862 0.33976894 0.19312365 0.29527726]",43,2025-03-03T22:45:32.535931
50,0.9234060650337039,"[[165.0636941  453.52292172 383.35131324 186.51433467]
 [544.65756747   4.26255938 119.95756126 798.50399184]
 [ 85.91161571  55.13057406 637.70756677 699.94831192]
 [647.41297    350.41703606 716.33241716 226.09638789]
 [587.62838181 757.60224198  36.68318993 744.6675818 ]
 [289.47702401 454.6077705  793.12997825 139.33319835]
 [ 51.15387156 724.25552883 609.81825826 615.27999756]
 [123.77485009 627.49719762 163.28771278 313.91002397]
 [ 48.71260538 263.13056567 618.60870453 514.43802517]
 [309.8217473  153.07734933 707.06925204  53.56536017]]","[0.130127   0.32660985 0.98423478 0.96320311 0.27750336 0.28147018
 0.02052434 0.57443603 0.85238902 0.10736357]",44,2025-03-03T22:45:32.543194
34,0.877479316488087,"[[ 42.04542548 295.0749541  125.83433854 444.42299159]
 [305.68426325 501.10940358 106.851106   693.59565761]
 [538.17214744 373.95016587  29.07662084 345.0856918 ]
 [161.78917358 645.28703433 771.07124605 542.65200342]
 [403.8075126  559.06365859 202.88103805 627.20268039]
 [ 54.63936069 651.88959672 757.67831041 227.49547515]
 [590.12231675 703.7573271  675.24289919 738.22888443]
 [ 57.18281249 429.63484208 657.71419281 235.40708474]
 [247.74655622 667.04098463  58.13228591 388.45355239]
 [215.52415428  74.23251746 147.15678715 704.9327184 ]]","[0.15405623 0.05173383 0.8673026  0.59760084 0.70423829 0.68848803
 0.45891121 0.49466158 0.10939435 0.08069168]",45,2025-03-03T22:45:32.551285
31,0.8564272567973301,"[[236.7594632  529.74088707 236.62951825 731.60026993]
 [ 17.43289814 348.34942844 190.0934657  223.73426156]
 [444.57679598 213.02053425 516.0180708  189.69232506]
 [241.45992754 461.61422846 346.17973115 622.49677229]
 [493.6710701  724.58088358 748.45793329 509.81975127]
 [454.30411819 632.13857432  39.35957412 425.7957458 ]
 [476.31109594 466.37154786 672.20281891 643.37345701]
 [465.50139773 245.67419079 412.00026199 150.10454287]
 [250.27914877 756.80570026 177.02403531 596.39601301]
 [394.89084738 131.26560607 675.22005948 298.13688255]]","[0.16685636 0.11152094 0.28475512 0.22303604 0.32208376 0.86437603
 0.57984519 0.85269706 0.2506875  0.09443654]",46,2025-03-03T22:45:32.558609
50,0.9058488668944847,"[[543.88352107 258.83593905 496.71762251 121.97446598]
 [199.73381119 665.31816687  39.04509624 723.80691181]
 [659.06692455 549.67105738 329.84615202 656.83091309]
 [465.16261506 596.17953988 794.73297153 271.86230911]
 [599.91371279 376.84075534 170.94577431  58.31059597]
 [457.89977494 680.00205304 232.57674061 216.39914387]
 [175.43833469 258.66083614 562.75845201 782.29468396]
 [508.0462809  151.75701526  29.11073225 522.12965191]
 [783.39827848 412.15409494 537.80620094 436.37881712]
 [715.33224336  57.74193077 198.18401512 382.47118284]]","[0.85514171 0.66566163 0.75578803 0.5732013  0.58007731 0.08678165
 0.38946926 0.21130425 0.13306686 0.24222883]",47,2025-03-03T22:45:32.564470
14,0.8889316722295624,"[[198.67737701 247.90457648  17.86232187 231.43932824]
 [586.58100253 334.3775254  134.05380315 446.9624976 ]
 [ 59.97631242 774.5172601  701.49303046  89.34061023]
 [533.32554387 667.13046599   3.81107148 750.85504685]
 [125.52122858 505.58356847 152.45680459 113.56871728]
 [320.30984387 436.04930069 487.72815223 681.45927772]
 [436.23893473 227.67448956 639.01395579 582.94890809]
 [675.77931122 557.7709589   47.27569057 438.11165179]
 [300.9016866  632.33944276 361.68062061 575.27140165]
 [ 93.88471659 345.91297464 732.64242603 385.16415883]]","[0.14732924 0.57314968 0.4383408  0.43112576 0.39968802 0.2990203
 0.44129038 0.35483634 0.24159117 0.10515081]",48,2025-03-03T22:45:32.572650
35,0.9300162149740429,"[[710.52390218 156.56249375 368.26886021 330.9124682 ]
 [356.30982805 627.16024065  68.97768852 327.06475663]
 [743.38199827 150.2518383  148.81851959 508.18507395]
 [349.38904932 489.12517137  61.85795803  84.72681016]
 [392.2536079  419.72932295 685.12430027  29.07484697]
 [197.08624274 155.78263957 314.47674916  89.68961456]
 [512.3100264  775.71253066 314.65992204 612.53819296]
 [123.38031726  48.1010044  321.26205387  59.03050571]
 [594.29665303  46.46417895 139.35771568 405.34441784]
 [ 47.40515874 146.7520003  587.3865244  442.83620301]]","[0.60455947 0.76578724 0.73194435 0.0928141  0.64987796 0.85106823
 0.97343871 0.02820287 0.47767687 0.97371485]",49,2025-03-03T22:45:32.580469
48,0.8588198444525753,"[[781.5089145    9.98874622  58.56217974 131.86854162]
 [567.37997918 392.5677113   65.44902113 543.90582227]
 [195.45029561  32.16896389  86.69637636  69.46581989]
 [520.04846577  20.32208939 220.67842328 795.9261951 ]
 [565.63466441  57.46264688  25.05471227 349.70490682]
 [724.4095498  607.80369207 434.81876292 768.81619264]
 [372.87290284   1.76804461 675.87832707 775.55565546]
 [676.06182256  54.80383776 470.67726604 608.92568667]
 [198.53383829 435.70502091 370.0899551  743.55508215]
 [440.54451075 178.19844974 794.64936108 446.85803349]]","[0.37009426 0.51412485 0.49242748 0.68522832 0.55438033 0.0309523
 0.31871613 0.27342407 0.8537923  0.80328331]",50,2025-03-03T22:45:32.586613
37,0.8957894263889907,"[[562.02084845 314.17761446 642.62102099 215.73121491]
 [502.84570838 699.03511667 546.16074313 723.65200553]
 [ 79.46378712 321.41511348 456.6606139   40.31706516]
 [ 76.13125208 155.63258621 618.05401322 600.76428287]
 [765.58548791 789.61129482 742.76298072 635.52324075]
 [639.47916253 652.54330357 105.1866402  612.30280137]
 [654.68398458 133.34971878 615.67350197 256.90028751]
 [517.7591278  537.47328681 461.65463917  18.30983006]
 [477.25723266 447.13132267 675.70656767 268.35333013]
 [644.66289947 333.11467987  91.85281887 656.77503497]]","[0.32976991 0.85900811 0.62891449 0.21307627 0.08189433 0.45156779
 0.86158574 0.06369371 0.84746166 0.09917827]",51,2025-03-03T22:45:32.593583
26,0.8179313249255938,"[[334.53382582 372.96177068 395.00366476 267.8369228 ]
 [511.43446538 544.70746353 334.61737504 514.89389704]
 [312.54473116 506.77183968 312.98630022 564.85334639]
 [534.81140025  78.62888344 684.5672021  161.39497346]
 [503.44914031 446.2829584  299.17812216 563.63148282]
 [474.6875112  369.98714153 389.80207893  95.29757108]
 [797.68054448 552.73152837 598.4724595  480.94822654]
 [436.84521212 426.05132948 473.76305501  76.64634682]
 [748.73018302 627.18177548 101.44374629 277.16797115]
 [498.84851765 731.87783449 428.90601777 397.69344193]]","[2.34313161e-04 7.65260308e-01 3.91115248e-02 1.27743003e-01
 2.92717775e-01 6.23371569e-01 5.29875802e-01 8.27946251e-03
 8.23322766e-01 8.05461609e-01]",52,2025-03-03T22:45:32.601013
20,0.9297986074372458,"[[211.28116916 306.96223599 115.54198739  38.30964211]
 [540.08826473  32.07027485 668.0691635  691.74570421]
 [394.04088963  32.04992252  25.93855817  83.03281559]
 [397.4158863  350.25905296 378.55957286 150.47824091]
 [351.07185618 509.1652068  390.82438601 671.57114018]
 [380.85201457 477.37768822 437.70580722 533.33377983]
 [637.10709121 244.7168007  526.69153584  91.58676372]
 [645.53201634 485.95924431 606.21223929 391.14782804]
 [605.96723913 551.89288634 135.98502209 394.15360068]
 [125.43664078 279.87043665 287.28078624 509.34961633]]","[0.95260826 0.25283433 0.51485428 0.30004157 0.53895119 0.23220636
 0.62156154 0.50649411 0.34681346 0.85706061]",53,2025-03-03T22:45:32.607769
29,0.8942091273568118,"[[614.0407081  147.12912971 509.15692607 402.80132104]
 [765.25725052  62.15237239 489.01261565 248.04965203]
 [699.86280958 577.24456926 673.28564291 335.6846312 ]
 [601.95089735 676.01404446 758.46856629 397.20328824]
 [258.41101156 510.18473514 174.02946031 482.61315754]
 [452.5636068  340.3103499   48.98267344 103.33206808]
 [546.64841306 104.62649421 792.51686356 606.11628667]
 [482.80135645 768.04860773 185.72738015 782.93751222]
 [ 65.2625918  689.34131758 594.76601375 370.84896768]
 [602.60504075 140.33093674  59.38830133  76.0766724 ]]","[0.80578713 0.45503323 0.88718621 0.45798606 0.60118873 0.3137704
 0.92898377 0.67803803 0.33416083 0.1993592 ]",54,2025-03-03T22:45:32.616198
42,0.8224067229561289,"[[579.83451829  57.40466815 568.71860141 546.90105492]
 [747.49367982 207.78125984 119.95838648  57.57406346]
 [418.68161528 345.13638535 654.71415815 251.14930941]
 [287.5190084  375.82254577  72.92088441 617.0375197 ]
 [384.68964866 362.20678819 768.52156317 476.18255149]
 [750.10556803 532.43067742 648.21161736 551.21242345]
 [381.83157579 429.22324817 696.23797809 439.32696137]
 [132.83964045 365.58149114 185.44731067 413.35388457]
 [327.36139177 426.50795338 645.15628559  16.20189709]
 [481.4172273  429.15350121 247.53880897 315.15549065]]","[0.5573423  0.12836062 0.34204086 0.5389966  0.08489235 0.85526275
 0.2811323  0.18365575 0.85889141 0.0921313 ]",55,2025-03-03T22:45:32.622705
45,0.8270435458262805,"[[107.1534367  320.80118892 138.60172114   1.88400409]
 [  8.768319   394.67601043  79.9104454   85.96823044]
 [104.32570369   8.19305988 359.32400812 629.59553281]
 [363.82676773 216.67846294 476.52331064 460.28154128]
 [491.75169863 698.51858833 388.28612662 131.76773995]
 [741.32228884 469.61399099 104.91817871 129.40452751]
 [146.36646549 792.31528228 294.87600505 394.36758331]
 [422.20433214 459.92935664 708.59741428 119.28007894]
 [611.98601552 691.00560607  14.17339113 655.49328995]
 [419.85147367 176.2754619  332.2663667  782.79785311]]","[0.86229388 0.46992519 0.90731115 0.5503227  0.73597714 0.97184523
 0.45996906 0.82046664 0.12178119 0.53038218]",56,2025-03-03T22:45:32.630709
48,0.9424547545686098,"[[7.87071122e+02 5.17682038e+02 3.63769876e+01 5.23146213e+02]
 [7.36657667e+02 3.89570151e+02 3.78715297e+02 7.20262806e-01]
 [7.38666888e+02 6.88281284e+02 6.72618254e+02 7.49172248e+02]
 [1.59085631e+02 6.64088472e+02 2.37093763e+02 3.98137642e+02]
 [6.01259477e+02 6.35873236e+02 5.32782526e+02 1.90664096e+02]
 [5.06514811e+02 5.13206747e+02 4.22794453e+02 6.95623078e+02]
 [7.63882618e+02 5.04889872e+02 4.53642307e+02 5.73890774e+02]
 [2.70085642e+02 5.79245741e+02 1.02545180e+02 7.38673303e+02]
 [5.13430318e+02 1.07136692e+02 6.76309534e+02 1.39185173e+01]
 [2.91554658e+02 5.99851398e+02 7.02969041e+02 1.12399253e+02]]","[0.52065346 0.78537992 0.15661826 0.23292189 0.19684022 0.25382011
 0.10832794 0.5616746  0.89553328 0.18346864]",57,2025-03-03T22:45:32.640900
47,0.8059154353266852,"[[564.914245   655.90827671 148.10274083 445.34544689]
 [ 22.47487263 436.30351446 632.16716941 782.21328141]
 [143.98926834 218.09480537 278.32004912 380.42759407]
 [677.56896391  84.64680836 455.84525007 453.83970959]
 [406.19444818 135.42640882  44.49757411 540.36737239]
 [ 97.51002862 159.38800682 375.60660762 703.97639258]
 [289.46100757 470.27030802 575.60302083 406.44809012]
 [188.75949595 265.146561   190.12546733 375.25390446]
 [710.57806348 153.11619169 360.69389111 272.66788463]
 [218.92487521 108.62100152 139.55605694 752.57174056]]","[0.92484214 0.47051824 0.80770509 0.28423652 0.07428468 0.82078616
 0.70289928 0.48439388 0.0223496  0.73752971]",58,2025-03-03T22:45:32.649296
15,0.8894972680020387,"[[447.29022641 571.84595973   8.15932486 357.18730134]
 [419.27692149  93.67704924 258.5633995  799.15488335]
 [535.90752407 227.86984007 447.72122692 292.50912074]
 [340.95642184 387.35175017  26.59334446 529.10849363]
 [275.89730399 434.52256319 496.91269293 733.99103984]
 [ 31.72401317 371.42844517 476.97759447  45.35482147]
 [332.31490284 559.79200623 683.59399839 766.89156576]
 [733.26492453 169.91757208 129.55466512 150.14848789]
 [449.56090934 237.66516206 160.57498968 213.16030739]
 [ 34.00077225 674.44221185 149.74675599 516.43683997]]","[0.41483106 0.42281016 0.81122697 0.26074662 0.31462486 0.79669483
 0.4064056  0.47136182 0.40229137 0.94114973]",59,2025-03-03T22:45:32.656813
32,0.8869073358760411,"[[236.07561111 218.41024614 144.24670831 408.05316091]
 [368.64607075 654.76629141 737.97846549 125.08016104]
 [151.33760338 481.1048122  162.5200544  136.4449585 ]
 [386.72795903 124.90205792 714.30919813 797.24542921]
 [502.94388237 599.68957851 428.14131495 126.31449869]
 [566.61604905 342.50653708 570.18567305  16.49655218]
 [657.71973707 591.07816874 462.72838522 538.08035917]
 [289.0970932  621.8512144  738.82907453 374.77223401]
 [698.3847317  404.60725406 246.51160455 209.24134333]
 [344.95512246 337.89983961 315.88829217 308.81972429]]","[0.08905059 0.36776712 0.88892231 0.02866158 0.59226426 0.18975511
 0.35558236 0.24114321 0.98238785 0.6816921 ]",60,2025-03-03T22:45:32.664607
19,0.8775914701180771,"[[5.94608030e+01 4.97976705e+02 5.68506073e+02 5.98406925e+02]
 [3.84686330e+02 3.02090289e+02 5.56365609e+02 4.44296103e+02]
 [1.43498504e+02 1.40649760e+02 7.82991190e+02 5.58592582e+02]
 [3.19920080e+02 1.69257550e+02 6.45799771e+02 5.65926326e+02]
 [3.88081361e+01 2.21726421e+02 6.49605767e-01 6.52786894e+02]
 [5.96967672e+02 8.74016923e+00 2.60836522e+02 5.35561348e+02]
 [6.55374939e+01 6.16824445e+02 4.57380939e+01 1.25449758e+02]
 [5.90153658e+01 2.54692722e+01 2.91983602e+02 7.25575226e+02]
 [2.42424361e+02 7.55037886e+02 5.72439801e+02 3.26624779e+02]
 [4.02273636e+02 3.58447716e+02 3.52770055e+02 1.73344224e+02]]","[0.37602412 0.56451874 0.23737472 0.32030636 0.85216146 0.45304117
 0.99238213 0.97930498 0.45851587 0.50128806]",61,2025-03-03T22:45:32.672048
18,0.904638655014789,"[[228.08985774 478.46384223 508.48498591 398.55502426]
 [208.77301247 667.00953068 411.80427507 490.07556506]
 [689.96740952 186.1943573  170.17348548 549.57789347]
 [ 14.80022877 124.44136801 368.80022056 481.86347428]
 [330.61260696 439.8815011  739.468844   398.0670131 ]
 [522.63062402 549.75174198 171.24714047  58.80104145]
 [353.90350199 508.61482768 278.2187972  394.63501959]
 [463.22476108 595.42996153 634.29981682 681.09741504]
 [268.87290775 493.9226448  269.01839969 197.7306665 ]
 [228.41765142 767.78740391 441.20796459 375.47769453]]","[0.93965127 0.50813815 0.18452943 0.23962212 0.59329027 0.73428111
 0.94585708 0.09832325 0.86566199 0.20671883]",62,2025-03-03T22:45:32.677794
34,0.8453383315067582,"[[377.7634372  751.7687355  337.24433486 301.59525642]
 [336.84462674 668.10881082 654.12048769 628.68380466]
 [139.58815469 734.36004802  94.46178739 597.35162452]
 [381.10771186 247.08651391  63.38558766 696.42189547]
 [156.25968196 316.77426875 339.37960277 224.12316848]
 [216.78112267 711.11354116 556.54860876  61.74571301]
 [497.50737899  15.89157628  21.47137934 430.3693125 ]
 [671.08102841 202.84037872 308.93144606 780.76306029]
 [630.57817534 785.66027596 297.19330432 361.50011455]
 [302.10355527 793.09282711 683.45078602 796.91346481]]","[0.10911941 0.85201164 0.13389089 0.44128806 0.66084319 0.93953515
 0.72709119 0.8781824  0.8752416  0.84576231]",63,2025-03-03T22:45:32.685931
42,0.881580424598824,"[[527.06692371 247.40043915  90.2826471  498.06505263]
 [206.29656098  25.58050749 145.47838083 347.54859342]
 [232.31295325 365.25910281 227.5413737  157.14592804]
 [444.93580783 413.91092544 541.08245853 273.8673959 ]
 [159.99313927 241.3977932  684.80968735 653.72884493]
 [717.23803345 542.01350459  82.66888769 326.4359431 ]
 [179.6714966   40.82608403 126.11396147 448.00258811]
 [143.82290093 476.9131358  304.76450539 442.1164285 ]
 [123.75338891 652.7655588  241.36588183  18.18791397]
 [266.88752715  42.81761771 179.59319812 722.00945728]]","[0.90525498 0.29122159 0.2891674  0.57214568 0.61945057 0.26868475
 0.7553084  0.73274654 0.69380164 0.16587503]",64,2025-03-03T22:45:32.694570
43,0.9181852859318932,"[[665.2510884  797.30209658  57.00629391 715.49512715]
 [763.22510866 407.09672475 288.38832014 439.40117437]
 [115.24581174   8.7000171  589.84283166 765.84077275]
 [453.63030492 286.43959387 411.17854389 581.02721371]
 [ 52.13839763 656.0218865  576.18764119 373.71378355]
 [408.47268906 365.04878137 508.41075538 318.16636932]
 [679.69256948  27.53522918 286.39809562 734.902213  ]
 [306.68202868 149.91981399 263.35715577 546.27716966]
 [736.62701605 605.16387904 339.22513739 186.17167108]
 [705.15939135  39.70217619 667.62849475 305.97744088]]","[0.85263157 0.53358307 0.49170382 0.30786817 0.20973889 0.22763538
 0.05242647 0.06970312 0.91547031 0.40150537]",65,2025-03-03T22:45:32.701561
17,0.9060556979393688,"[[723.40208401 787.21048457 653.93295841 444.56931085]
 [130.40342706 134.25786776 194.87200708 325.60931875]
 [165.40822164 707.25080109 792.29431614 520.70657159]
 [115.80457881  21.25733307 103.03544717 747.88259   ]
 [108.11074307 458.59414685 527.86218374 635.6520023 ]
 [204.65600981 418.58793746 137.60779336 575.58380039]
 [267.390957   717.11680937 703.47884839 265.9755731 ]
 [212.50380984 260.02197954 780.53978474 744.86671229]
 [492.0292903  183.4909464  445.87005099 700.98393827]
 [787.75314745 527.70701864 756.47103977 242.23244728]]","[0.49263276 0.69077219 0.13980125 0.62528597 0.16739543 0.65025964
 0.7003884  0.30258656 0.75405414 0.18825097]",66,2025-03-03T22:45:32.708791
45,0.9182713748691768,"[[618.72569259 548.48831124 431.71115474 129.26094486]
 [385.39233125  13.63123752 445.88515066 376.69571361]
 [432.88547722 113.44609983 723.51794804 456.88515626]
 [722.47179828 490.54644231 301.96309554  22.76140502]
 [340.43961442 146.45976051 302.29656907 100.6890797 ]
 [713.9422004  758.68105662 415.18012977 475.00279509]
 [315.04648414 307.23232796 107.25115396 195.70021598]
 [345.83262152 504.38954831 609.41569278 790.41725259]
 [300.71638513 513.94102788 506.14953872  69.75087482]
 [ 89.86687425 115.33738277 143.09177816 665.90600117]]","[0.61985051 0.91853925 0.86653929 0.73893886 0.40651448 0.9014669
 0.27744229 0.18437198 0.03076926 0.2629623 ]",67,2025-03-03T22:45:32.716219
25,0.8116969823244627,"[[120.49272162 423.27663772 364.91521639 679.18665763]
 [550.07178694  37.73004256 190.87037472 686.77822762]
 [761.1034456  110.37183927 292.21106665 709.05120367]
 [129.02825776 204.80614637 659.12434968 223.99395606]
 [439.51834755 410.35720932 623.85719977 516.40641563]
 [ 10.3131847    8.84036497 491.69679614 727.66105485]
 [610.54759014 709.64712328 652.25996329 149.39227408]
 [560.15711788 134.91819572 645.72479126 666.33220156]
 [485.57600963 411.48989591 192.80276568 306.13895664]
 [161.06262558 451.67223903 166.92407286 705.33340561]]","[0.47045289 0.44390669 0.40841887 0.79420223 0.89026332 0.32619535
 0.87383426 0.26109419 0.7925632  0.26720711]",68,2025-03-03T22:45:32.723701
36,0.8909155288547471,"[[794.57286977 201.18199634  22.06104571 359.34594427]
 [325.11496374 364.67297358 217.31345232 120.34675735]
 [ 40.91798007 230.12273174  25.463206   511.6341272 ]
 [202.39080208 243.67898072 382.08345792 431.68663753]
 [564.88015815 452.34958587 461.76025609 447.14411789]
 [157.37618569 653.28180819 787.43575947  99.17178046]
 [558.0409148   87.57169315 588.43844797  33.38380392]
 [155.98410948 400.40955322 429.42582097 653.26256584]
 [502.42016681 157.28036937 345.49349302  58.85310967]
 [485.0013477  704.78603428 393.23866603 511.0703665 ]]","[0.35844963 0.81193575 0.1314102  0.05386369 0.99026861 0.69702169
 0.73193523 0.24006257 0.47884742 0.56175254]",69,2025-03-03T22:45:32.731710
22,0.8004047962094137,"[[522.05303482 489.10397818  99.60348119 322.67470388]
 [ 65.24082089  58.87435337 720.17121661 490.8732527 ]
 [143.79145234 297.62345867 798.57752292 596.77306322]
 [706.07245142 649.96370544 720.37215627 107.76370989]
 [467.146971   483.85336428 667.64172928 446.10898086]
 [410.94969074 445.27532465 535.91330803 479.8835188 ]
 [113.6575338  575.80197725 652.01250662 424.06761476]
 [166.00160335 688.14850862 162.61737941  50.35156826]
 [637.38816434 519.15451574 607.26906006 760.98723335]
 [347.28495194  32.47812994 389.84169927  56.34982564]]","[0.45113678 0.86934749 0.03473674 0.15358254 0.61923341 0.08022913
 0.24060571 0.42386014 0.03335172 0.22746798]",70,2025-03-03T22:45:32.740706
18,0.8291373907834355,"[[725.87647689 584.64980623 147.71928939 317.71966441]
 [234.97650747  28.24335268 168.51594812  33.53881215]
 [120.10089255 394.10928548 405.74916517 371.92416269]
 [380.29280475 146.48443809 227.02662145 712.37143656]
 [746.60866834 527.22186858 177.48505476 137.90609704]
 [506.67639672 581.23765557 195.98879808 665.3129249 ]
 [ 98.55548339 737.00417595 349.5892736  392.99564462]
 [208.11246414 160.49632314   2.17758037 441.49276566]
 [691.15679306 667.08544812  95.72354916 387.88909758]
 [534.47592678 428.43882811 731.09085568 336.07681268]]","[0.01682986 0.00652792 0.00715163 0.5180785  0.8934945  0.86482355
 0.65936302 0.3093267  0.48682508 0.7015083 ]",71,2025-03-03T22:45:32.748919
42,0.8447659909449429,"[[248.35071862 290.9489253  163.44135543 307.53891725]
 [159.18052946 530.13839045 555.97496779 671.40329526]
 [389.95767612 649.39056307 670.12700069 687.46691629]
 [ 68.0115888  238.19847301 120.25044536 722.25403359]
 [446.6104096   66.74371772 415.16990243 651.55349831]
 [219.57900107 129.35115332 690.81508168 338.90941762]
 [ 13.00434124 574.19977296 722.14961676  33.24922214]
 [  9.66355301 682.87588236 374.18464764 721.76053659]
 [418.11478066 590.66551048 609.41672663  79.37681987]
 [622.67619584 693.95242856 587.95130433  87.7683683 ]]","[0.34680351 0.70629811 0.25474146 0.88340509 0.95138783 0.03323977
 0.14768414 0.22497947 0.60188051 0.72069061]",72,2025-03-03T22:45:32.758418
17,0.8804068277785149,"[[560.9345263   62.94643607 117.16266875 634.59872861]
 [220.86673248 360.97561165 544.17857846 525.88309874]
 [124.86635077 244.03321924  74.41848452 686.84380726]
 [755.57141665 708.28196572 446.39907164 246.63864275]
 [108.46325247  25.50555628 417.14513818 330.50176042]
 [251.10801936 415.83104433 239.06946527 719.2637704 ]
 [326.69126493 435.8729945  153.07789852  47.23436599]
 [100.98402682 310.46035132  50.67721443 325.66523197]
 [713.82688853 390.4231449  124.94714338 458.83289548]
 [740.97537779 550.24704949 789.83946019 293.18974382]]","[0.45426594 0.32321248 0.59160041 0.77466314 0.1515959  0.31362384
 0.38858016 0.52323917 0.14866186 0.94046835]",73,2025-03-03T22:45:32.766472
10,0.8531329229046565,"[[186.73204837 465.85744835 551.77483255 568.57760253]
 [504.08270146 150.87520964 712.81297356 144.75053989]
 [  2.99673616 153.26127512 694.38603859  99.85894279]
 [635.15402697 473.43201812 309.44387867 376.36371813]
 [428.89454727  25.17739822 356.59919231 279.00655191]
 [527.55508629 113.73427871 703.76733675 608.19727588]
 [541.24723986 475.46129221 115.72710644  79.88593643]
 [631.37193791 571.18208434 688.16599916 214.92008109]
 [566.15122939 583.46032465 427.11919196 612.30548684]
 [308.80889013  63.02257057 287.7877721  484.27566894]]","[0.77553202 0.48054586 0.26478931 0.0216402  0.47629572 0.49766816
 0.77577638 0.71660336 0.77975997 0.49049804]",74,2025-03-03T22:45:32.772491
38,0.9177847133394557,"[[180.49390458 523.33589899  15.635905   267.37701491]
 [787.20611814   1.91143075 644.89628727  76.49700597]
 [ 21.62850719 701.21698123 167.86923884 578.54144452]
 [346.19656163 561.80817663 377.53617479 761.58085278]
 [630.11688149  37.15858876  13.01002684 787.40314085]
 [563.19759702 549.64968567 500.21897941 348.0807463 ]
 [522.41551816 510.17536078  64.33887656 515.62940909]
 [268.79173994 758.41847075 545.25820613 487.51428604]
 [ 32.62760924 512.28577662 316.77766824 708.78962737]
 [755.26167803  28.68937683 537.338617   424.9826893 ]]","[0.3054734  0.74748741 0.72676059 0.67390519 0.54409124 0.64800144
 0.03577818 0.42716134 0.05071937 0.27595222]",75,2025-03-03T22:45:32.780264
22,0.8762904251251415,"[[375.75050654 287.30297492 522.43070278 759.22270279]
 [379.61104394 252.69769851 443.32506884  88.74698028]
 [505.18950488 319.27964143 221.24455335 463.12281013]
 [338.08074316 699.27799308 513.0700405   48.95875198]
 [575.35749262 181.31038114 526.20153996 750.96595312]
 [147.84045892 191.22315558 416.64604965 395.55244917]
 [147.51398546 711.96337954 551.78846644 608.2083095 ]
 [ 50.44474895 767.79017319   7.00076966 284.3940932 ]
 [745.2017614  511.07332058 656.25731171 646.14845789]
 [664.80678404 265.77117555 201.71704225 442.59466378]]","[0.73226589 0.9622899  0.17935886 0.04479481 0.48073316 0.62785964
 0.6780534  0.0873577  0.08639042 0.45284508]",76,2025-03-03T22:45:32.787198
11,0.8675084769680036,"[[658.32001014 446.53991157 110.07317826 490.95734019]
 [753.41450047 791.29817574 493.79040078 669.06647608]
 [780.08713596 476.5158688  795.32673658 693.01356739]
 [112.53416347 283.20562809 457.17248204 752.19828325]
 [220.33627076 351.16313086 690.94607552 553.89370013]
 [689.14296739 315.54169299 215.71190369 348.75371442]
 [180.1440575  169.68750119  48.04690262  51.67424548]
 [685.54307923 445.38811636 240.45716316 543.84954324]
 [314.56150449 602.36090652 410.58316997 125.47043958]
 [376.80255017 771.39041933 385.37895477  44.82202859]]","[0.9577369  0.50046928 0.55071255 0.59258986 0.21747261 0.9659849
 0.60393541 0.3255201  0.96380363 0.77478802]",77,2025-03-03T22:45:32.793668
39,0.9309579312071592,"[[655.44138431 622.42960477 291.96268873 597.0491376 ]
 [570.24232088 714.14365531 120.1316097  287.74323646]
 [444.55279788 511.18242578 336.87628604 459.59287503]
 [393.18655072 206.05301778 153.76197539 518.20300351]
 [ 14.9790631  241.14991327 623.85139487 579.3442769 ]
 [180.95297816 437.25333982 174.91982197 123.19234009]
 [152.47074275 182.36017716 721.09992222  59.01744527]
 [347.25009611 207.19563788 112.12408835 512.02041867]
 [781.32825089 447.24152731 236.07444422 142.44817306]
 [722.69645148 213.55655248 765.83181645 150.64606247]]","[0.76296342 0.5828789  0.8362379  0.67038752 0.01493385 0.54424472
 0.66304736 0.11310372 0.24237078 0.26272384]",78,2025-03-03T22:45:32.801061
15,0.8175796729165249,"[[635.18222782 345.28247808 277.85879653 545.09612433]
 [494.95106069 440.30043137  25.85000359 632.65627051]
 [343.87072767 687.12378162   5.67677111 277.6207989 ]
 [171.47325172 781.19477202 312.07305842 606.86010696]
 [119.34633653 355.33440181 303.28792539 248.97898146]
 [261.81319364 570.65849991 686.29479966 677.80872781]
 [ 39.65333705 269.81287204 107.68767021 728.82278766]
 [434.10768445 346.77795775 373.775635   136.45914682]
 [ 68.36179537 215.5757987  142.44287626 570.61894531]
 [ 55.22730951 724.2501468  628.5265675  636.25448121]]","[0.44714778 0.26878448 0.46149093 0.72997945 0.58129739 0.50200401
 0.68902627 0.19310247 0.47347456 0.0928996 ]",79,2025-03-03T22:45:32.807581
45,0.8476736355034586,"[[770.41107438 209.66535733 753.82566602 519.02493025]
 [461.67163846 784.44682523 673.5130473  376.25858655]
 [721.7350591    8.75506878 506.57909131 611.79810776]
 [766.77985167  42.81694753 331.90567435 544.8262704 ]
 [546.06968039 411.68988834 299.63808903 679.39710808]
 [667.3531206  367.18438239 210.60249425 694.47373059]
 [464.50981127 785.97305663  20.09197771 262.83392367]
 [712.83952046 610.13314697 532.5652189  361.57242896]
 [694.51813073 154.04278149 116.94507068 794.29854623]
 [261.90638365 230.85361237 612.88960193 671.45359012]]","[0.98490697 0.98416883 0.06596628 0.8630852  0.3352265  0.81627753
 0.60212753 0.58779789 0.28115857 0.81208676]",80,2025-03-03T22:45:32.815675
12,0.8210684126043817,"[[102.17531199 409.67579635 179.91301049   1.49869743]
 [603.57371414 614.50344744 518.56784806 686.56560604]
 [192.87332478 718.20879583 356.70741162 597.68808751]
 [442.17248656 449.14006634 128.60182737  26.66172164]
 [340.40950166  47.42079005 238.45997351  14.28634871]
 [354.74180973 179.20618305  37.50224154 151.92030248]
 [294.20967563 356.54460283 583.63322108 514.04162598]
 [507.47486179  19.0387974  759.70176393 599.2482494 ]
 [385.85741802 426.7020307  563.81507345 162.42564758]
 [ 30.79671524 256.39362287 664.36303412 760.50422753]]","[0.59578747 0.13819074 0.20586666 0.94361251 0.36092957 0.4220254
 0.31919924 0.14510113 0.23112237 0.44183253]",81,2025-03-03T22:45:32.824853
28,0.8614318093949429,"[[750.91788386 548.77932055 554.43498595 434.42996159]
 [172.0029838  510.76302525 416.05767028 625.44387413]
 [674.49306197 778.82232429  71.82677856 601.78707425]
 [671.57026891 369.95713014 439.18199073 125.84499084]
 [374.76504384 565.15971433 543.64736721 557.41870981]
 [544.84568059 349.76767663 126.15011063 493.0447315 ]
 [740.31292697 723.69919082 335.77035776   8.48522059]
 [241.33809782  22.33075952 746.9948018  566.04631252]
 [ 38.51985974 563.43499242 282.9010707  699.8509419 ]
 [617.45653673 203.90721785 254.47327524 643.69578634]]","[0.36407491 0.61636541 0.71664672 0.70724941 0.53339033 0.15414213
 0.02087445 0.43815009 0.05644249 0.57117835]",82,2025-03-03T22:45:32.832819
47,0.8449165024664057,"[[478.36503603  19.1175755  602.36960564  39.8964165 ]
 [ 70.03573313  70.07895502  20.25641619  98.69564952]
 [637.41640378  90.10204208  82.29118065 144.78476857]
 [344.87379314 478.59075131 378.61299463 121.44042479]
 [205.86494    395.32041073 650.31422723   6.64131026]
 [203.10661791 153.46755898 697.03813829 686.40259893]
 [181.05037794 218.37223646 562.83333795 399.6654961 ]
 [309.43848863 736.99332996  67.7883323  529.18188426]
 [ 86.22266452  34.44275209 105.31747943 369.23971873]
 [615.68188803 427.74212602 147.2990996  502.08647501]]","[0.88309454 0.06940296 0.26423812 0.16210932 0.87549097 0.90625335
 0.27674195 0.71100445 0.97646776 0.39927124]",83,2025-03-03T22:45:32.840826
13,0.8730491652417346,"[[564.47529107 416.19470793 553.96257481 304.14533568]
 [171.9791652  150.67584725 671.18306414 474.58416477]
 [ 33.82892295 594.6514267  614.77041189 167.12186781]
 [242.05907353 309.94374635 292.79810881 151.43397403]
 [738.26942661 730.03793209  16.59062406 412.05123375]
 [ 83.44131418 667.05633579 760.04349535 114.18898819]
 [353.59022343  65.52007049 641.12881692 348.13832963]
 [153.27324634 105.57097503 542.59972651 353.51613928]
 [208.01742663 787.8542249  777.14105922 205.00590125]
 [591.7209306  517.63670967 369.08513211 710.37109415]]","[0.07489235 0.96193901 0.10376445 0.18487318 0.8735031  0.78432938
 0.47930967 0.79719176 0.30207693 0.58098853]",84,2025-03-03T22:45:32.849716
24,0.8112446228412198,"[[608.65717442 396.86239342  94.67308636 691.45903294]
 [708.23197307 621.70993677  15.28539099 578.57949038]
 [505.71654812 162.52118329 476.1282258  311.53399048]
 [293.85542401 428.00832548 296.55117449 491.81024721]
 [169.69575724 273.86353797 698.38411199  41.06780666]
 [454.15022375 291.87437287 426.46216049 576.07940267]
 [239.9097465  444.01677763 250.3694006  162.04101275]
 [559.41697274 759.57165631 685.4483813  285.72571615]
 [650.43076155 647.02476738 754.80946504 461.92158325]
 [ 62.65903305 711.88416771  69.05295217 533.34077908]]","[0.53158314 0.86780713 0.7530778  0.93880506 0.71881402 0.08280751
 0.6586025  0.42041504 0.77978686 0.49363138]",85,2025-03-03T22:45:32.857406
31,0.8497632985141254,"[[258.93080925 399.19824982 141.33047967 623.03417254]
 [148.6877127  200.66237411 179.18877002 451.31741061]
 [240.68160746 587.23915159 372.84924037 492.33808925]
 [279.86140144 213.25837923 700.88386598 300.65819248]
 [ 89.21486362  37.3998423   10.16022308 736.23624195]
 [530.98597514 119.99655162 233.89832028 293.30764457]
 [101.99006994 730.30635971 751.99783766 268.63812313]
 [404.28661407 369.754368   668.55048183 171.57199168]
 [425.35671825 513.03911965 247.44168742  44.20689652]
 [256.00053136 669.14112041  42.95592946 203.52363607]]","[0.25406408 0.24928464 0.27437087 0.86344482 0.34051248 0.68074632
 0.21926042 0.53283218 0.76693321 0.01888911]",86,2025-03-03T22:45:32.865385
37,0.8654643198963322,"[[ 46.09805173 725.45518177 709.79573061 534.69901949]
 [262.38535917 239.88219931 751.87614615 502.9567452 ]
 [515.81549626 365.97886703  14.21230715 796.91247264]
 [ 62.11578875 580.49099982 335.31317999 705.88132185]
 [740.49427958 544.55696177 430.71296413 444.20387079]
 [317.96194593  91.80830252 681.1968551  550.42598482]
 [735.58071152 480.45138999 259.21252454 149.40113653]
 [420.97880789 583.50080659 643.83681822 453.58034711]
 [233.72438216 169.99857946 400.22679349  56.05843739]
 [363.52486057  77.05983318 292.19520818 483.43475919]]","[0.81918685 0.26196352 0.40146858 0.40372063 0.12499098 0.20379869
 0.49132388 0.72881448 0.35688733 0.17689202]",87,2025-03-03T22:45:32.873962
11,0.8946937312995517,"[[709.88237317 303.88755081 359.34321241 738.23481459]
 [ 53.39372158 381.95008891 577.38547537 724.71141793]
 [614.39007147 693.12653704 245.31999993 548.26769992]
 [127.24184795 143.72814431  58.32920366 642.52566955]
 [391.80443886 746.6369654  364.67801525 546.47945318]
 [539.6223505  694.02855303 579.44156525 732.01169314]
 [102.8372672   83.27737078 190.56529486  93.475813  ]
 [539.73797962 568.11533896  34.91652079 441.07358561]
 [ 14.62811331 333.55360085 666.28670554 503.06746336]
 [423.67215917 304.44844719  13.88794189 246.65168651]]","[0.81346938 0.02270602 0.4721101  0.02975404 0.1932503  0.63975247
 0.25847823 0.41418516 0.10914085 0.68237979]",88,2025-03-03T22:45:32.883020
25,0.8101167566418257,"[[695.25611326 301.67550817 611.02649837 114.00532972]
 [414.78563749 467.12200826 455.03468053 444.29211637]
 [627.30385049 158.50112355 145.9364131  796.90693618]
 [ 35.25406346 561.98670442 743.89194084 436.71076355]
 [360.81653127 707.25139727  82.53193465 724.9920294 ]
 [746.31617636 618.78809707 661.04020922 325.23121019]
 [369.57112085 425.78742798 489.53191994 220.69882083]
 [244.67153762  66.79528662 432.8606355  437.28836222]
 [235.29062179 283.29953684 654.57534876 269.55015736]
 [299.55394501 135.81408044 277.30540879 593.82290598]]","[0.28869414 0.5800669  0.45725792 0.16246884 0.44612397 0.57473676
 0.09546263 0.98727723 0.51435956 0.08888834]",89,2025-03-03T22:45:32.890429
34,0.8000414730257833,"[[ 10.5787698  371.37812277 408.99406889 439.25028849]
 [323.21776271 771.87232411  81.04430399 414.23341516]
 [591.7938118  758.14059355 128.72783663  38.69406218]
 [160.81362493 331.35185205 699.41977822 264.00877519]
 [ 66.6304757  285.34116359 140.83970868 495.30066898]
 [ 51.84810287 310.72569979 411.18873475 104.45237834]
 [151.82019519 657.09133455 355.69117322 760.25858046]
 [347.45387177 438.28925245 324.98321952 734.29124182]
 [725.23744227 299.28904767 100.01468464 332.38586055]
 [568.1989945  180.22216525 627.70731661 427.47571611]]","[0.84571917 0.4474748  0.92509736 0.79099122 0.0114401  0.3717277
 0.91864932 0.40911427 0.64198    0.71726196]",90,2025-03-03T22:45:32.897781
46,0.8118236187453783,"[[203.31308458 253.1147181  770.4362288  401.00876367]
 [ 16.91799014 310.55929972 311.17338542 508.77000171]
 [ 29.33627935 432.9976766  408.61655939 199.59477319]
 [389.04463571 237.73697708 301.9969555  264.60033871]
 [318.58917908 179.68680874 204.07993848 128.0266393 ]
 [398.05681703 425.9540076  288.46624285 524.18909449]
 [454.07154183 797.84818578 214.96808519  77.87228994]
 [ 28.92067542  84.59378196 475.74506143 290.07450316]
 [ 52.96916361  24.81485352 623.27619474 291.14024404]
 [670.77119157 364.29803115 477.00465288 267.04980016]]","[0.43901916 0.47744067 0.51138868 0.31368771 0.92464525 0.95381166
 0.31480463 0.5362364  0.47908734 0.52483386]",91,2025-03-03T22:45:32.905374
29,0.9042346045298203,"[[448.60383029 203.73691399 529.75467524 487.43877479]
 [449.87755761  92.97427496 546.09155756 333.85425908]
 [195.05556177 442.60688491  95.02770087 770.15364015]
 [354.55007562  23.14321666 254.62842956 131.2156818 ]
 [ 12.80993151 755.83314032 367.49987469 390.2635827 ]
 [  3.55993565  15.9738903  476.13864358 619.68451653]
 [185.87705317 393.91363251 228.3652777  385.03279097]
 [293.19894445 453.42490439 512.76804515 154.05778068]
 [797.18581989 759.82420603 439.75389316 405.97196941]
 [269.4518273   44.42016344 424.49068326 192.73301486]]","[0.20327167 0.61907877 0.69977121 0.07115508 0.05803868 0.95838072
 0.10399537 0.06519805 0.81423564 0.17537865]",92,2025-03-03T22:45:32.911929
16,0.8395021089685557,"[[385.85234489 299.0177391  253.01922424 679.31557485]
 [652.86760802 320.4410046    6.1400469  424.64858036]
 [677.58576509 743.59427081  75.6684939  345.79381836]
 [474.56466188 437.02761775 782.48378074 720.59997963]
 [505.0246824  698.90564957 505.06723935 536.53352146]
 [302.60465032 522.96608414  33.46063346 301.15044902]
 [662.76580212 174.90774419 740.58271166 381.52376009]
 [ 97.95347039 724.42148626 670.55285861 797.61041201]
 [343.23649822 661.84644312 578.38826893 552.48753016]
 [240.78448525 222.54715337 485.30892591 748.2866843 ]]","[0.61393496 0.20583683 0.1571105  0.92367774 0.54878961 0.10018628
 0.77155307 0.44196565 0.81971113 0.7088731 ]",93,2025-03-03T22:45:32.918983
16,0.8123369556717362,"[[ 95.03439632 745.40577426 633.77348186 430.3234253 ]
 [794.13817727 297.55109797 281.04640067 205.19343813]
 [659.10422829 406.11915995 256.10989174   4.98963649]
 [382.11537673  40.9615381  383.23916549 160.41802606]
 [229.64695034 312.02310954 400.16026433 799.13516927]
 [799.70975334 291.76101829   5.67560405 376.28356896]
 [375.95230875  92.58291286 200.81633813 226.33814219]
 [499.8413873  436.31424931 727.92268345 421.97389914]
 [360.6497648  370.95941263 616.42237429   9.80004237]
 [396.41414139 375.20451646 224.75079861 241.63495956]]","[0.27540407 0.94960505 0.57635635 0.52740621 0.55201254 0.16668792
 0.36806869 0.30360339 0.56973332 0.32437455]",94,2025-03-03T22:45:32.925370
42,0.915731855273568,"[[224.35161688 475.45981451 674.67615169  77.20435672]
 [378.63639131 679.03337997 427.29838339 123.38144289]
 [549.13738709 784.71344469 190.40013841 457.50517013]
 [574.70150256 714.74094441  32.61521125 217.96264424]
 [664.52039786 612.40923043 499.30678091 610.28621036]
 [354.92131575 645.31049101 468.96140945   7.29486493]
 [200.08761868 258.0409871  606.96715475 138.5131022 ]
 [750.38703234 407.52487724 367.94201885 439.66744751]
 [180.44850775  25.45875625 776.62790371 420.72796085]
 [431.26409179 549.79111033  54.25566046 209.88846597]]","[0.19815224 0.10201568 0.90055733 0.18708059 0.91456403 0.22799147
 0.00399012 0.14760477 0.92646989 0.43544258]",95,2025-03-03T22:45:32.932620
28,0.8499945796731159,"[[ 17.37373985 736.09974058 727.64446569 623.475316  ]
 [169.19847261 266.60986859 643.72531168  46.99144503]
 [ 90.30403993 235.67039239 405.30153881 316.83455421]
 [677.7056736   76.66860779  72.64847232 763.89620339]
 [435.83557876 224.13068038 318.16792029 633.47651814]
 [556.10219942 222.85558068  17.4514515   85.75981216]
 [743.84950422 385.82770471 190.99791355 410.2764885 ]
 [558.27691493 128.57523506 224.65738375  93.33618205]
 [161.52188597 452.46836962 235.72039919 693.93053595]
 [411.4894761  596.20690031 778.36153799 793.3415975 ]]","[0.93511185 0.50382391 0.30168117 0.73554922 0.08032514 0.98825622
 0.85050729 0.85116329 0.52234476 0.25798367]",96,2025-03-03T22:45:32.940272
13,0.8630889970212983,"[[167.5256118  398.90242833 371.66025642 421.01127642]
 [ 45.46055    203.53581175 150.17966228 399.03060249]
 [ 75.59420251 750.29611749 420.63524364 651.85701647]
 [ 27.44435709 347.69875743 503.49611276  57.31402763]
 [304.30336411 507.09550884 634.60151743 163.11683253]
 [ 87.68089505 133.17770796 123.37823418 300.8115255 ]
 [514.93251943 482.61150785 567.92220028 226.96668072]
 [427.12013319   5.70425718 392.44884698 233.63140626]
 [551.88033558 516.62432901 715.56228059  52.06124342]
 [599.09868861 619.16150032 651.76803957 642.46003168]]","[0.45557802 0.81778251 0.561105   0.6603379  0.86735574 0.22755548
 0.09869218 0.99374992 0.48987817 0.55557214]",97,2025-03-03T22:45:32.948590
39,0.9153691966680464,"[[400.8339268  332.75354877  98.65721468 558.6394274 ]
 [645.66919359 658.721458   215.52962055 430.07319828]
 [403.93484386 541.74220132 386.77570032 180.68324814]
 [345.7452411   62.00177793 304.17063226 753.74412343]
 [690.28949833 459.92217985  52.95796776  44.70791438]
 [ 69.90739198 109.88217553 293.98368182 717.97789578]
 [  6.08997567 565.77133096 697.80599075 237.02391903]
 [ 51.83787615 791.74426329 351.96913942 377.65817963]
 [273.77999719 667.34650632 122.71944997 219.68592619]
 [624.15227904 584.76446607 318.13897118 230.88333928]]","[0.68820666 0.20689727 0.10003662 0.53721749 0.1480435  0.23187453
 0.88839854 0.06942443 0.10605955 0.74545998]",98,2025-03-03T22:45:32.957382
27,0.883785957647283,"[[364.79320249 786.51288369 480.4018335  136.69648171]
 [547.88988037  59.92112022 727.85116791 607.39413637]
 [382.75354856  50.01047411 400.74479172 703.68829645]
 [278.03031582 541.69104798  48.59414538 612.23396744]
 [684.59328493 664.20870253 761.00565296 161.69347325]
 [653.21345947 373.52520274 112.48141128 277.93474319]
 [ 56.17581354 348.64092048 226.68557019 562.30088376]
 [721.36815846 666.40031052 583.00638869 120.77078025]
 [ 42.51329788 345.65078037 275.6761918  110.19392755]
 [348.5591298  478.09761442 576.27797998 263.98182303]]","[3.33524707e-01 8.14867275e-01 2.26798698e-01 7.43539760e-04
 8.12129928e-01 3.36246161e-01 2.61252791e-02 8.65095602e-01
 1.95539377e-01 9.01578947e-02]",99,2025-03-03T22:45:32.963978
26,0.8879271220479115,"[[155.6325107  344.47369212 362.90862035 398.90208651]
 [221.50812318 393.88419933 458.59063191 576.1782823 ]
 [704.74630406 607.72184256 330.9076844  310.42824632]
 [172.69938116 586.08888649  75.81881671 127.20026315]
 [ 60.93462933 782.88192846 254.68746671 379.73998645]
 [138.58927962 143.37579324 103.85480064 616.38054959]
 [289.54768102 329.49307921 489.18464273  39.40494889]
 [506.82459142  36.7286726  420.18212409 530.36780889]
 [454.28038622 773.2031341  675.36494995 676.87030063]
 [571.19063035  76.20415319 307.07370874 291.16756017]]","[0.84091449 0.17459197 0.72748288 0.11642062 0.86387637 0.03758211
 0.73702833 0.65142008 0.92443667 0.88967452]",100,2025-03-03T22:45:32.973085
